student_id,attendance,marks,assignments,library_usage,financial_aid,prev_marks,attendance_trend,dropout
1,78,49,56,12,1,43,-8,1
2,91,83,41,6,1,57,5,1
3,68,46,46,14,1,97,-10,0
4,54,93,35,11,1,95,5,0
5,82,71,34,0,1,74,1,1
6,47,95,86,14,1,78,8,0
7,60,77,57,3,0,58,-3,0
8,78,73,98,12,1,85,1,0
9,97,90,88,22,0,92,4,0
10,58,97,62,24,1,67,-9,1
11,62,80,91,4,0,50,6,0
12,50,45,79,1,0,56,-4,0
13,50,96,48,22,0,91,2,0
14,63,59,98,0,0,96,-10,1
15,92,86,95,15,0,64,-5,1
16,75,38,76,22,0,57,2,0
17,79,93,68,5,1,66,0,1
18,63,54,97,22,0,91,-1,0
19,42,97,62,15,1,43,5,1
20,61,88,42,13,1,65,9,0
21,92,91,83,2,0,43,6,1
22,41,75,36,14,0,47,6,0
23,63,37,43,2,1,92,-7,1
24,83,40,48,22,0,37,-6,0
25,69,39,83,1,0,69,3,0
26,77,39,49,0,0,55,9,1
27,41,88,58,8,0,98,-1,0
28,99,81,53,8,0,86,3,0
29,60,83,92,22,0,68,-10,0
30,72,43,86,6,0,69,0,0
31,51,54,37,2,1,49,7,0
32,97,95,91,17,0,40,5,0
33,61,69,58,10,1,66,7,1
34,83,84,46,6,1,86,-3,1
35,64,96,95,8,1,62,-1,0
36,88,51,35,0,1,98,-1,1
37,66,37,87,13,0,53,-6,0
38,98,66,98,19,1,49,-1,1
39,81,47,57,5,1,40,7,0
40,67,48,91,6,1,72,10,0
41,99,45,70,9,1,60,-5,0
42,55,90,98,6,1,85,-8,0
43,54,63,70,1,0,87,-3,1
44,86,43,78,3,0,90,-2,1
45,90,59,78,20,1,93,-6,1
46,83,76,32,16,0,92,-9,0
47,94,43,39,0,0,47,-9,1
48,91,74,64,9,1,77,-4,0
49,96,59,31,18,1,85,6,1
50,42,39,53,14,1,53,-1,1
51,76,45,67,9,0,55,1,1
52,90,93,51,18,1,58,-9,0
53,46,72,55,11,0,60,-1,0
54,60,39,72,23,0,79,9,0
55,48,82,84,15,0,62,-10,0
56,78,52,68,8,1,63,-7,0
57,57,71,58,14,0,51,2,0
58,43,94,49,16,1,78,1,0
59,64,82,70,13,1,95,0,0
60,99,62,83,17,1,59,-1,1
61,53,74,49,1,1,36,4,1
62,89,79,48,3,1,83,-6,1
63,97,96,95,17,0,60,6,0
64,48,92,59,6,0,61,-6,1
65,65,90,82,12,0,52,-9,0
66,92,74,63,14,0,88,-2,1
67,41,74,51,24,0,35,-5,1
68,59,67,96,22,1,95,7,0
69,67,40,35,21,1,37,3,1
70,86,53,56,0,0,75,8,0
71,99,74,39,10,0,71,3,0
72,46,93,77,9,0,85,-3,0
73,83,93,99,24,1,49,6,0
74,47,82,88,4,1,42,-8,1
75,86,75,88,15,1,72,-1,1
76,74,47,31,10,0,90,6,1
77,53,79,58,20,0,81,0,0
78,56,87,97,5,0,44,-3,1
79,75,76,94,8,0,83,-10,0
80,89,97,55,12,1,75,2,1
81,79,61,39,23,0,64,10,0
82,43,72,82,7,0,39,-7,1
83,41,94,88,13,0,65,-4,0
84,45,41,51,23,1,86,3,1
85,93,39,80,0,1,57,-6,1
86,81,79,77,16,0,82,0,0
87,43,92,50,23,1,74,6,0
88,93,65,51,4,1,40,-6,0
89,68,57,59,24,1,72,9,1
90,57,76,54,1,1,75,-8,1
91,65,44,57,24,1,61,-6,0
92,83,66,94,23,0,91,4,1
93,73,87,74,8,0,51,8,1
94,49,64,97,3,0,81,5,1
95,75,73,36,16,1,47,-3,1
96,53,65,78,16,1,45,2,1
97,70,36,38,20,1,58,5,1
98,87,46,65,17,1,38,-8,1
99,54,73,30,15,0,80,-10,0
100,47,47,39,7,0,52,-2,1
101,53,80,65,10,0,77,-2,0
102,62,61,75,20,0,67,6,1
103,99,51,61,20,0,44,-9,0
104,96,94,61,17,0,93,-2,0
105,79,98,35,22,1,65,8,0
106,60,69,77,23,1,62,2,1
107,55,64,67,9,0,94,-6,0
108,84,97,46,12,1,37,-2,1
109,57,62,56,16,0,89,2,0
110,86,94,83,17,0,48,-10,0
111,92,71,79,9,1,92,4,0
112,63,56,64,15,0,49,-7,1
113,65,54,54,19,0,36,-7,0
114,64,98,57,4,0,58,9,0
115,99,51,44,12,1,98,-1,1
116,99,46,33,17,1,58,-5,0
117,99,56,56,16,1,61,1,1
118,84,51,55,8,1,71,9,0
119,80,44,48,13,0,73,5,1
120,68,99,46,16,1,97,-8,0
121,54,56,72,3,1,60,3,0
122,84,84,70,17,1,99,-10,0
123,40,48,71,19,0,38,-1,0
124,64,98,79,23,1,63,4,1
125,46,81,69,23,1,35,-4,0
126,48,63,68,14,0,84,-7,1
127,63,70,52,10,0,45,3,0
128,40,86,81,11,0,93,5,0
129,83,41,76,8,0,96,3,0
130,47,63,92,12,1,70,-8,0
131,63,45,98,14,0,90,6,1
132,50,67,72,14,1,55,10,0
133,90,40,77,4,1,47,3,1
134,56,66,63,22,1,43,7,0
135,47,85,69,18,1,45,-8,1
136,74,92,90,19,1,35,8,0
137,74,60,79,24,0,90,-8,1
138,72,80,96,13,1,65,1,0
139,98,63,91,16,1,71,-6,1
140,44,38,87,17,1,81,-1,0
141,81,47,62,20,0,81,-2,1
142,78,73,45,2,1,92,-10,0
143,97,49,77,1,1,70,2,1
144,80,63,39,0,0,66,-8,0
145,67,63,67,9,1,98,8,1
146,46,66,48,18,1,76,0,0
147,48,36,65,16,0,82,5,1
148,47,81,88,11,1,64,-5,0
149,51,56,92,0,1,55,-8,1
150,73,61,75,11,1,94,8,1
151,72,90,32,16,1,47,-5,1
152,87,55,94,23,1,35,-3,1
153,94,81,37,2,0,99,2,1
154,62,93,80,10,0,67,1,0
155,63,40,35,16,0,72,-1,0
156,76,53,68,22,1,59,-8,0
157,74,91,89,2,1,60,-7,1
158,83,37,57,7,1,93,-10,1
159,79,35,83,19,0,67,2,0
160,61,92,66,3,1,75,-7,1
161,66,72,38,20,1,64,0,0
162,74,49,85,21,1,91,8,1
163,40,68,88,6,0,83,0,0
164,74,95,31,13,0,82,1,0
165,76,69,90,13,1,83,0,0
166,86,98,87,3,1,81,-5,1
167,53,59,89,15,1,90,1,0
168,42,58,69,23,0,99,-2,1
169,40,46,65,21,0,46,-1,0
170,44,52,66,0,0,40,-8,0
171,65,49,47,16,1,99,-8,1
172,94,61,92,24,0,59,9,0
173,53,94,51,9,1,35,5,0
174,78,80,40,21,1,66,-8,1
175,66,51,87,15,0,37,-1,0
176,48,87,86,15,1,83,0,1
177,54,42,33,7,0,53,-3,1
178,54,61,36,6,1,94,-5,0
179,65,80,90,5,1,63,9,0
180,81,84,83,15,0,84,0,0
181,99,37,97,19,1,36,10,0
182,52,98,30,15,1,90,1,0
183,90,78,84,6,1,51,5,0
184,71,87,32,8,1,94,7,0
185,78,58,67,13,1,70,2,0
186,88,94,30,10,1,95,-8,0
187,91,37,67,13,1,51,4,0
188,71,54,58,6,1,83,10,1
189,43,80,34,0,0,94,3,0
190,69,49,50,24,0,54,7,1
191,76,59,96,12,1,84,3,1
192,62,51,76,19,1,37,-6,0
193,78,43,64,2,0,77,10,0
194,84,72,97,19,1,91,3,0
195,54,82,98,3,0,84,-3,0
196,82,94,30,10,0,84,4,0
197,68,97,97,1,0,71,4,0
198,75,36,41,13,1,80,8,0
199,52,45,89,11,1,76,9,1
200,71,98,56,16,1,49,-5,1
201,46,55,85,11,0,67,8,1
202,98,52,52,11,0,45,-3,0
203,90,98,54,0,0,54,-5,0
204,61,72,50,12,1,58,9,1
205,67,66,90,13,0,98,4,0
206,41,45,92,23,0,99,-8,1
207,81,79,81,1,1,51,-1,1
208,84,67,54,11,0,95,4,0
209,96,75,84,20,0,49,5,0
210,92,42,75,15,1,85,6,1
211,45,45,61,3,1,61,8,0
212,67,85,84,7,0,95,0,0
213,67,75,34,1,1,92,5,0
214,83,51,65,9,0,65,-6,1
215,83,80,78,8,1,46,-6,1
216,59,66,87,22,0,80,3,1
217,69,88,68,14,1,65,7,0
218,50,54,90,12,0,66,-3,0
219,97,67,38,22,1,66,-6,0
220,94,74,35,16,1,87,-4,1
221,67,66,64,15,1,95,5,1
222,64,36,68,1,1,80,3,1
223,78,67,51,19,1,41,-6,0
224,72,64,70,19,1,38,-2,1
225,40,67,34,13,1,86,-7,1
226,96,60,71,2,0,65,-7,0
227,66,56,96,22,0,70,5,0
228,96,72,59,11,1,88,6,0
229,91,80,86,7,1,88,4,1
230,52,49,58,1,0,51,-7,0
231,80,78,66,3,0,64,-5,0
232,42,83,42,13,1,56,5,0
233,78,95,61,15,0,77,-7,1
234,45,40,75,18,0,61,-5,1
235,47,43,52,1,1,71,-6,0
236,66,40,74,11,1,80,5,0
237,48,66,46,13,1,69,5,0
238,76,75,95,5,0,38,-1,1
239,72,42,35,12,1,60,-2,1
240,90,84,47,3,1,53,-7,0
241,81,96,51,21,0,79,3,0
242,83,96,62,17,1,60,-7,0
243,63,41,59,11,0,56,1,0
244,54,38,61,19,0,92,-1,0
245,98,40,71,21,0,97,-7,0
246,93,92,39,20,0,62,7,1
247,71,56,65,18,0,99,2,0
248,71,60,63,7,0,78,2,1
249,63,37,57,6,1,77,3,1
250,80,75,40,15,1,71,7,0
251,91,94,68,18,1,51,-10,0
252,88,48,76,5,0,74,10,0
253,88,46,48,19,1,72,5,0
254,97,46,44,20,0,95,4,0
255,91,47,57,10,1,43,-6,1
256,51,59,53,4,0,95,-5,0
257,78,79,38,15,1,50,-5,1
258,41,53,76,6,0,36,-8,0
259,42,89,62,4,1,77,5,1
260,88,79,91,10,0,76,1,0
261,76,42,48,14,1,91,-7,0
262,88,87,96,2,0,64,-10,0
263,95,89,69,4,1,47,-7,0
264,56,66,76,22,1,53,-10,0
265,98,85,94,20,1,41,10,0
266,88,78,58,4,0,43,-3,0
267,41,52,79,8,0,88,-6,0
268,41,56,42,14,0,95,-9,0
269,67,71,30,2,0,36,1,1
270,93,90,63,5,0,84,6,0
271,62,93,77,16,1,65,-4,0
272,76,37,77,20,0,67,0,0
273,71,62,78,7,1,45,-7,1
274,72,69,93,20,1,67,-6,0
275,40,95,90,24,0,41,-5,0
276,58,88,58,10,1,65,0,0
277,41,97,68,5,0,82,-10,1
278,92,41,55,7,0,81,-1,0
279,83,83,46,9,0,87,9,0
280,65,65,42,23,1,53,10,0
281,71,92,98,2,0,40,0,1
282,45,95,55,22,0,83,6,0
283,71,58,78,13,0,84,-3,1
284,94,54,96,22,1,46,2,1
285,43,71,36,13,0,57,9,0
286,94,38,87,9,1,88,7,0
287,50,54,78,11,1,93,5,0
288,95,94,82,5,0,70,-9,0
289,98,58,94,11,1,37,-6,1
290,56,84,91,22,1,92,7,0
291,77,83,46,13,0,89,-8,1
292,63,85,72,1,0,91,6,0
293,44,70,54,8,0,51,5,0
294,91,68,32,9,1,73,-5,0
295,73,70,58,16,0,89,8,0
296,45,40,61,16,1,79,-4,0
297,61,73,55,2,1,35,7,1
298,50,76,45,18,1,55,3,1
299,87,92,54,0,1,55,-5,1
300,55,46,83,11,1,86,-3,0
301,72,37,57,6,0,77,4,0
302,48,52,85,3,0,86,4,1
303,99,74,94,9,1,78,4,1
304,98,55,70,12,1,66,5,0
305,45,49,80,1,0,44,-10,0
306,55,60,58,9,0,98,0,1
307,68,42,48,20,1,62,-6,1
308,42,76,95,21,1,87,-6,0
309,59,78,70,24,0,85,10,0
310,99,48,74,3,0,87,-5,1
311,98,36,44,17,1,38,-9,1
312,75,71,32,4,0,51,-5,0
313,58,72,40,18,0,81,3,0
314,65,75,82,1,1,90,0,0
315,42,96,75,11,1,57,-7,0
316,58,94,59,16,1,52,-2,1
317,59,48,86,9,0,35,-8,1
318,71,36,47,1,1,69,5,1
319,46,51,80,5,0,98,0,1
320,91,62,77,7,1,92,-7,0
321,80,69,95,18,1,93,-10,0
322,72,39,37,10,0,35,10,1
323,79,99,51,24,0,37,5,0
324,78,74,35,11,1,71,8,1
325,57,90,86,8,1,63,5,1
326,79,70,65,1,0,67,0,0
327,40,79,86,7,1,95,-3,1
328,50,57,78,10,0,38,-10,0
329,67,81,74,20,0,48,10,1
330,96,65,95,3,1,67,-2,0
331,64,45,74,9,0,56,1,0
332,89,44,49,20,0,82,-3,0
333,62,48,93,19,0,37,6,1
334,70,44,96,15,1,57,-1,1
335,69,35,32,7,0,55,-4,1
336,81,39,83,3,1,77,8,0
337,74,54,93,9,1,60,-5,0
338,46,42,69,11,1,75,10,0
339,99,77,88,13,0,72,8,0
340,55,35,84,15,0,45,7,1
341,65,91,91,21,1,63,4,0
342,87,98,33,17,1,94,-9,0
343,96,62,89,20,0,99,3,0
344,91,71,59,21,1,95,10,1
345,99,81,31,20,1,53,-1,0
346,88,71,91,11,0,80,5,0
347,41,83,78,17,1,83,-4,1
348,40,78,38,6,0,56,-3,0
349,87,90,60,19,0,91,-1,0
350,51,62,90,23,1,48,4,1
351,44,40,77,22,0,78,-3,1
352,76,95,54,6,0,50,2,0
353,71,54,65,8,0,46,1,0
354,98,36,37,0,1,89,-3,1
355,94,71,87,5,1,85,4,0
356,48,54,74,5,1,73,1,0
357,80,60,91,21,0,67,0,0
358,74,63,68,11,0,67,8,0
359,58,35,87,21,1,63,3,1
360,87,69,93,11,1,65,7,0
361,55,93,73,9,0,65,2,1
362,42,67,58,22,1,80,-7,0
363,59,85,88,5,1,86,6,1
364,63,46,38,16,1,44,8,1
365,93,54,35,18,1,75,-2,1
366,95,87,58,17,1,37,-4,1
367,72,77,87,5,0,93,-10,0
368,63,84,46,23,1,86,-4,1
369,91,63,45,18,1,68,-4,0
370,50,91,32,9,0,83,9,0
371,88,73,50,23,0,62,-4,0
372,47,90,93,7,0,47,-3,0
373,75,77,65,20,0,95,5,0
374,77,84,91,23,1,94,-8,0
375,79,57,71,5,1,58,2,0
376,59,78,71,20,1,97,-1,1
377,74,72,90,24,1,95,7,0
378,87,57,42,6,0,57,-4,0
379,64,79,40,23,0,64,10,0
380,74,86,83,0,1,94,10,1
381,64,84,45,17,1,52,-6,0
382,68,42,37,23,1,90,-4,1
383,57,35,88,24,1,87,6,0
384,85,42,86,19,0,41,-7,1
385,57,63,69,11,1,86,5,0
386,41,39,88,15,0,38,8,1
387,93,81,31,9,0,68,-1,0
388,74,68,39,9,0,67,-8,0
389,55,99,73,13,0,72,-8,0
390,80,89,40,24,1,60,6,0
391,75,77,31,19,1,35,-1,1
392,72,64,79,9,1,38,6,0
393,43,51,41,9,1,73,6,0
394,72,60,52,24,0,88,10,0
395,53,42,47,10,0,67,-7,0
396,60,81,91,22,0,67,10,0
397,87,80,91,1,1,54,-5,1
398,59,67,67,24,0,50,1,0
399,95,35,96,19,0,55,9,1
400,47,53,67,7,0,79,6,0
401,46,65,96,22,0,96,6,0
402,42,48,90,6,1,65,-1,0
403,56,87,30,7,0,76,-4,1
404,72,82,74,0,0,46,5,1
405,87,96,57,20,1,99,2,0
406,51,98,50,1,1,37,-8,1
407,98,97,42,17,1,43,-9,0
408,90,67,56,14,0,85,5,0
409,61,75,36,0,0,50,-5,0
410,94,82,51,4,0,37,-5,1
411,61,47,82,1,0,58,2,0
412,85,65,33,19,1,47,-4,1
413,69,38,52,2,0,36,-6,0
414,77,53,99,18,0,55,-4,1
415,77,47,62,17,1,53,-9,0
416,84,57,57,21,1,81,6,1
417,90,35,37,17,1,56,2,0
418,93,88,30,13,0,67,10,1
419,47,49,66,23,0,66,10,0
420,66,99,92,7,0,98,5,0
421,66,49,51,11,0,73,9,1
422,73,55,99,20,0,76,-9,0
423,60,53,50,9,1,43,-6,1
424,69,94,64,22,1,59,7,1
425,72,67,34,19,0,36,-4,1
426,67,83,89,16,0,53,0,0
427,86,69,75,10,0,54,0,1
428,72,78,79,1,0,51,6,1
429,44,45,77,3,0,37,5,1
430,99,80,35,0,1,85,2,0
431,87,43,85,14,1,60,-6,0
432,58,37,88,12,1,90,9,1
433,43,60,58,7,0,98,5,0
434,74,82,47,24,0,42,5,0
435,88,62,31,3,1,71,5,1
436,56,60,37,9,1,61,3,1
437,83,59,83,18,0,79,-5,0
438,67,46,67,17,1,38,-9,1
439,69,39,77,4,1,71,3,1
440,68,82,56,18,0,67,5,0
441,85,71,49,22,1,65,9,0
442,92,78,41,21,1,89,2,1
443,45,49,72,15,1,46,4,0
444,74,77,90,0,0,45,1,0
445,99,82,60,11,1,66,-2,0
446,80,80,90,23,1,91,7,0
447,76,77,96,1,1,72,10,1
448,63,55,64,20,0,94,3,0
449,68,57,44,24,0,53,9,0
450,88,81,45,7,1,90,-7,1
451,85,49,42,17,0,48,-3,1
452,92,59,64,24,1,67,-3,1
453,70,70,88,15,0,44,5,1
454,74,85,50,4,0,98,-1,1
455,99,49,83,21,1,98,10,0
456,72,55,59,12,1,96,6,0
457,91,47,77,18,1,77,-10,1
458,60,53,64,2,0,93,7,0
459,71,68,67,7,1,86,-1,1
460,62,86,60,11,0,53,10,1
461,72,61,53,1,0,55,-7,1
462,42,63,78,10,1,56,-10,1
463,57,62,61,11,0,43,-7,0
464,64,69,84,17,1,43,-7,1
465,81,42,87,12,0,61,-7,0
466,70,50,32,4,1,51,6,0
467,93,70,98,21,0,78,-2,0
468,97,64,39,11,0,79,8,0
469,42,52,54,1,1,42,2,1
470,79,36,97,4,0,52,-7,0
471,85,83,90,6,1,67,-6,0
472,63,38,58,23,0,35,2,1
473,89,41,48,11,0,40,5,1
474,71,73,72,15,0,75,-6,1
475,86,47,95,22,1,89,-3,0
476,61,65,90,7,1,39,5,0
477,62,97,72,8,1,93,-10,1
478,41,90,54,14,1,52,-5,1
479,66,76,49,4,1,83,0,0
480,81,95,77,12,0,99,5,0
481,41,76,53,4,0,88,-6,1
482,65,90,40,10,1,95,5,0
483,56,70,84,9,0,42,-4,0
484,79,41,57,19,0,37,8,0
485,72,88,98,12,0,59,-10,0
486,48,35,92,8,0,89,-2,1
487,82,78,88,20,1,74,7,1
488,93,79,34,13,0,84,2,0
489,87,81,80,17,1,67,4,0
490,78,47,50,14,1,52,-8,0
491,68,56,41,9,0,91,-1,1
492,81,55,79,23,1,50,-2,1
493,94,43,33,6,0,72,2,0
494,65,60,71,7,0,75,5,1
495,74,43,67,2,0,41,-8,1
496,89,49,54,14,1,87,4,1
497,64,44,43,15,1,97,6,0
498,63,76,61,3,1,66,3,1
499,52,58,40,20,0,72,-4,1
500,99,83,90,5,0,56,9,0
501,97,60,47,0,0,50,5,1
502,46,71,56,3,1,86,10,0
503,96,84,84,10,0,63,-3,0
504,75,58,83,11,0,50,-7,0
505,84,53,50,4,1,51,9,0
506,59,94,73,22,1,98,4,0
507,40,73,34,20,1,47,-6,1
508,47,52,70,15,0,90,2,1
509,85,53,88,12,0,39,-5,0
510,55,70,83,12,0,46,-6,1
511,53,89,51,16,1,75,6,0
512,51,81,94,6,1,37,-4,0
513,90,83,93,7,1,67,-5,1
514,62,67,33,12,1,84,-9,0
515,54,55,94,22,0,90,0,0
516,67,56,44,15,0,43,-4,0
517,73,82,51,3,0,84,10,1
518,41,71,76,7,0,63,-3,0
519,71,49,75,15,0,73,-6,0
520,62,69,43,20,0,79,7,0
521,61,66,79,9,0,51,5,0
522,90,45,49,24,0,90,3,0
523,64,44,79,11,1,80,1,1
524,97,91,62,11,1,48,6,0
525,61,59,88,4,0,57,-6,0
526,97,36,72,15,1,95,3,0
527,97,98,41,0,0,57,-5,0
528,61,69,69,8,0,61,4,0
529,88,41,49,11,1,88,-4,1
530,91,52,67,4,0,44,3,1
531,81,76,32,21,0,50,7,0
532,45,73,57,19,0,75,-10,1
533,54,75,85,21,0,89,-5,0
534,93,58,42,23,0,95,-8,1
535,82,94,95,2,0,83,-6,1
536,99,80,66,4,0,86,1,0
537,76,53,78,1,1,36,0,1
538,72,76,95,13,1,84,2,0
539,47,66,65,1,0,77,5,1
540,92,73,83,12,1,42,7,1
541,99,70,55,6,0,93,6,1
542,83,70,69,9,0,99,6,0
543,83,37,72,12,0,46,0,0
544,44,42,51,15,0,38,9,1
545,78,75,49,13,1,75,-1,0
546,43,47,37,10,1,41,5,1
547,45,83,58,9,1,64,-9,1
548,84,94,69,5,1,40,6,0
549,71,36,59,3,0,53,9,1
550,91,94,84,20,1,44,-1,0
551,69,39,45,0,0,50,2,1
552,86,78,75,6,0,71,1,0
553,74,61,91,23,1,66,4,1
554,94,66,36,8,0,81,-4,0
555,79,55,74,7,1,77,10,0
556,91,42,88,4,1,70,2,1
557,55,84,85,18,1,60,1,0
558,52,78,77,9,1,44,1,1
559,89,92,56,10,1,65,-9,0
560,99,37,82,24,0,63,-6,1
561,81,36,64,14,1,39,-9,1
562,69,78,80,5,1,35,9,0
563,58,36,66,14,0,37,2,1
564,56,69,86,4,1,69,-8,0
565,95,64,37,18,1,49,0,1
566,58,42,49,21,0,64,5,1
567,67,56,82,18,0,77,-10,0
568,97,78,41,9,1,94,8,0
569,94,92,78,11,0,74,0,0
570,65,70,46,21,1,99,-2,1
571,76,65,93,3,0,63,3,0
572,65,81,71,17,1,53,-2,1
573,92,89,58,15,1,37,-4,1
574,62,96,48,7,1,70,5,1
575,48,64,40,3,0,77,-8,0
576,51,89,79,24,1,49,8,0
577,92,50,87,22,0,75,-7,0
578,40,46,63,11,1,70,-4,1
579,97,51,49,1,1,67,1,1
580,97,50,79,3,1,39,7,0
581,40,46,39,4,1,48,-6,0
582,86,42,61,2,1,81,-1,0
583,73,37,81,8,0,88,1,0
584,71,50,44,20,0,38,-3,0
585,93,64,32,17,0,43,8,0
586,87,57,66,10,1,87,4,1
587,64,39,69,2,1,94,-10,0
588,79,99,69,24,0,80,-8,1
589,84,64,85,22,1,88,7,0
590,92,55,52,1,1,71,7,0
591,40,56,40,8,1,57,-9,0
592,55,66,93,13,0,61,-6,1
593,78,67,37,3,0,95,-10,0
594,44,50,85,8,0,85,-1,0
595,61,72,89,12,0,84,9,0
596,68,48,39,17,0,53,-1,0
597,94,70,68,14,1,35,-6,0
598,42,57,57,9,1,74,7,1
599,51,36,78,15,1,66,10,1
600,65,99,65,11,1,56,4,1
601,55,86,42,19,0,74,9,1
602,90,96,65,4,0,72,-3,0
603,76,57,55,1,1,82,6,0
604,61,60,33,9,0,89,1,1
605,96,89,93,0,1,89,10,1
606,68,40,67,6,1,85,1,1
607,53,69,51,16,1,94,-10,0
608,67,56,31,15,1,42,-7,1
609,44,77,60,23,0,43,-3,1
610,86,49,40,2,1,36,-10,1
611,88,94,75,13,0,93,4,0
612,69,46,91,9,1,53,7,0
613,85,83,98,21,1,62,-10,1
614,91,76,93,6,1,48,0,0
615,44,72,39,16,1,58,-9,1
616,51,79,69,5,0,78,-10,0
617,55,69,53,22,1,90,1,0
618,65,64,73,21,0,85,5,0
619,65,64,89,3,1,66,-1,1
620,87,40,91,16,1,84,7,0
621,60,41,46,8,1,75,4,1
622,78,86,94,3,0,59,6,0
623,75,48,86,6,1,95,-1,1
624,72,49,84,22,1,76,-8,1
625,69,55,82,1,1,99,10,0
626,76,69,85,16,1,70,5,0
627,62,36,38,23,1,43,-5,1
628,97,69,51,7,0,70,-8,1
629,49,54,42,22,0,72,-2,0
630,93,44,77,14,1,67,0,0
631,44,59,47,14,1,76,10,0
632,75,59,69,7,0,95,2,0
633,73,88,46,15,1,80,7,1
634,91,67,44,18,0,95,-7,0
635,70,70,44,10,1,52,-3,0
636,49,48,92,1,1,49,2,1
637,97,99,68,22,0,82,-1,0
638,58,88,42,23,1,47,-9,1
639,97,86,61,16,0,77,-3,0
640,71,37,38,15,0,94,-5,0
641,40,75,69,24,0,91,5,0
642,95,40,49,14,1,51,7,1
643,44,59,92,12,0,84,6,0
644,84,47,73,14,0,66,-5,0
645,43,42,67,3,1,56,2,0
646,55,55,89,15,1,89,3,0
647,63,59,77,11,1,91,10,1
648,55,79,47,3,1,47,-1,0
649,94,94,45,2,1,81,0,0
650,41,46,84,21,1,96,2,1
651,88,66,68,16,0,88,1,0
652,67,47,97,21,1,63,-2,1
653,71,65,88,17,0,56,-7,1
654,66,54,91,24,1,99,-4,0
655,59,52,42,17,0,63,-9,0
656,63,94,35,22,0,82,-4,0
657,51,97,89,16,1,39,-2,1
658,89,40,43,11,1,69,-6,0
659,74,66,83,22,0,80,4,0
660,99,77,33,20,1,69,7,0
661,72,36,68,23,1,79,-7,0
662,72,94,54,3,0,47,8,0
663,90,57,61,11,0,44,9,0
664,82,65,88,22,0,59,-4,0
665,76,39,92,21,1,78,-3,0
666,51,68,67,20,1,94,6,0
667,42,44,82,19,1,81,2,1
668,40,36,96,14,1,74,10,0
669,72,45,57,22,0,41,0,0
670,79,84,32,15,1,80,-10,1
671,49,65,51,4,0,57,-9,1
672,82,90,67,20,1,80,6,0
673,83,43,91,14,1,47,-6,1
674,68,55,86,16,0,55,-5,1
675,52,62,35,17,1,35,-4,0
676,51,96,61,4,1,53,10,0
677,70,41,39,12,0,94,4,0
678,85,50,32,18,1,67,8,1
679,41,38,88,12,0,38,5,1
680,90,38,78,17,0,37,2,0
681,89,74,88,13,0,86,-6,1
682,74,51,60,3,0,62,-8,0
683,62,86,98,3,1,89,-8,1
684,56,86,91,19,1,91,8,0
685,65,70,81,19,1,50,3,0
686,47,72,70,18,0,58,5,1
687,68,84,60,12,1,75,6,0
688,65,97,51,11,1,81,-7,1
689,49,97,33,6,1,65,2,1
690,65,96,42,24,1,64,-3,0
691,73,41,74,11,0,52,8,1
692,90,61,71,20,0,78,-6,0
693,80,48,78,3,1,61,-9,1
694,46,39,49,1,0,60,4,1
695,43,89,83,1,1,94,-9,1
696,97,36,65,4,1,52,0,0
697,92,96,30,22,1,90,2,0
698,89,55,44,9,0,65,-1,1
699,84,55,46,9,1,93,-8,1
700,50,44,53,8,0,36,-6,0
701,68,92,87,12,0,73,-8,0
702,95,73,52,6,1,95,-5,0
703,75,39,75,4,0,97,2,0
704,64,99,37,9,0,52,-1,0
705,60,47,88,9,1,51,8,1
706,96,87,88,5,0,73,-3,1
707,75,79,42,18,0,88,7,1
708,49,66,68,20,1,69,-8,0
709,76,70,57,7,1,45,6,0
710,48,94,90,0,0,95,-3,0
711,63,45,45,16,1,78,-1,1
712,74,97,31,6,1,59,-9,0
713,88,55,46,13,0,82,1,0
714,74,86,59,20,0,66,-5,0
715,87,89,42,20,1,38,-9,1
716,75,60,42,16,0,72,10,0
717,57,68,72,8,1,97,-8,1
718,88,86,50,16,1,81,6,0
719,78,86,84,4,0,35,-4,0
720,71,63,69,24,0,37,10,1
721,63,72,44,19,1,96,-6,0
722,62,76,81,7,1,98,-10,1
723,71,55,82,5,1,51,-3,0
724,76,76,81,10,1,96,1,1
725,51,47,59,18,0,69,3,0
726,88,98,62,3,1,47,5,0
727,94,51,86,17,0,69,-1,0
728,52,43,81,0,0,77,4,0
729,62,75,38,12,1,36,10,1
730,64,35,83,13,0,90,4,1
731,74,36,30,23,0,85,-1,0
732,80,94,73,0,1,88,10,0
733,69,82,38,10,0,50,-4,0
734,56,63,61,16,0,52,-8,0
735,88,44,44,3,1,41,-9,1
736,59,92,41,11,1,79,-5,0
737,87,94,86,9,1,70,10,0
738,64,55,37,5,1,75,-2,1
739,61,62,56,24,1,76,-1,1
740,52,68,91,0,1,41,-7,1
741,98,42,41,6,1,49,-8,0
742,58,93,94,20,0,94,-2,0
743,88,83,71,15,0,74,6,0
744,75,51,91,23,1,71,3,1
745,51,94,40,13,0,89,-1,0
746,80,79,72,22,0,90,2,0
747,58,66,46,19,1,78,1,0
748,51,78,61,19,0,91,-10,1
749,48,99,69,5,1,40,8,1
750,46,42,52,21,0,66,8,0
751,67,77,85,24,1,52,-5,0
752,53,35,35,4,0,41,2,1
753,70,85,79,23,0,42,8,1
754,91,58,66,20,0,98,2,0
755,58,58,93,17,1,41,10,1
756,97,51,83,14,0,75,-7,1
757,86,39,78,5,0,74,-9,0
758,55,54,40,24,1,37,4,0
759,92,55,78,18,1,51,1,1
760,44,92,50,0,0,86,-4,0
761,74,65,95,0,0,56,9,1
762,51,45,92,12,0,38,7,1
763,64,86,57,2,0,40,2,1
764,91,49,46,9,1,72,6,0
765,98,41,35,20,0,60,-7,1
766,60,62,48,2,0,45,3,1
767,75,85,85,8,1,51,9,1
768,92,92,57,7,0,65,2,0
769,62,39,95,2,0,69,-8,1
770,55,39,67,24,0,50,7,0
771,96,42,66,12,1,52,3,0
772,78,98,97,5,1,96,4,0
773,84,44,78,12,0,61,-8,0
774,92,72,72,22,0,69,-10,0
775,81,42,65,19,1,79,6,0
776,97,59,87,19,0,69,-8,1
777,78,84,42,11,0,62,3,0
778,53,83,81,12,1,43,-8,1
779,70,70,87,1,1,49,2,1
780,97,75,61,20,1,55,4,0
781,44,96,89,23,0,86,7,0
782,74,44,87,22,0,69,3,0
783,62,55,85,15,0,85,10,0
784,68,70,57,22,0,89,-8,0
785,82,46,30,5,1,78,8,1
786,50,36,71,18,0,99,-3,0
787,57,47,77,20,0,59,-7,0
788,86,87,69,12,1,81,-7,0
789,51,66,92,16,1,90,8,1
790,48,50,33,22,0,72,0,0
791,49,66,67,8,1,45,-10,1
792,97,66,56,16,1,49,-3,1
793,83,45,38,1,0,35,4,0
794,56,44,45,18,0,41,-10,0
795,77,49,85,18,0,35,-4,1
796,46,51,60,23,0,83,10,0
797,85,74,43,6,1,63,9,1
798,52,52,54,21,1,60,9,0
799,79,89,63,9,0,79,0,0
800,81,59,96,9,0,46,3,0
801,48,93,53,19,1,66,5,0
802,89,56,55,8,0,54,3,0
803,66,64,49,16,0,85,1,0
804,97,78,93,14,0,70,6,0
805,41,66,39,1,0,35,3,1
806,44,85,96,3,1,61,-1,0
807,68,80,53,18,0,74,3,0
808,76,55,34,16,1,48,7,1
809,77,66,96,4,0,40,-2,0
810,58,73,87,6,0,67,6,0
811,47,46,56,17,1,89,-5,0
812,87,81,44,20,0,53,-3,0
813,84,52,64,21,1,63,2,1
814,40,55,82,6,0,95,7,0
815,61,47,73,16,0,58,-6,1
816,91,55,55,6,0,57,-5,0
817,56,42,76,3,0,44,10,0
818,46,80,63,7,0,88,8,1
819,64,41,79,12,1,75,-7,0
820,84,57,41,3,1,83,-4,0
821,43,56,33,5,0,51,-7,0
822,75,56,77,24,0,90,0,0
823,45,63,84,4,1,79,1,0
824,99,47,30,11,1,64,3,1
825,70,36,95,3,0,78,2,0
826,58,63,59,23,0,89,-1,1
827,83,86,32,8,1,53,7,0
828,93,61,50,3,0,63,5,0
829,78,84,78,18,1,36,-6,0
830,66,57,91,23,0,70,-3,0
831,49,78,67,13,1,53,3,1
832,65,56,44,4,1,41,-6,0
833,58,77,81,17,0,60,-3,1
834,78,71,75,9,1,72,-5,1
835,42,95,54,24,0,37,5,1
836,84,90,50,18,0,77,-7,0
837,52,37,34,11,0,96,1,0
838,89,97,99,17,0,58,0,0
839,67,53,76,16,1,73,-8,0
840,97,57,97,23,0,78,1,0
841,59,63,47,10,0,39,-6,0
842,67,64,50,2,0,89,-5,1
843,47,73,52,22,0,64,8,0
844,80,59,93,16,1,63,7,1
845,78,42,96,0,0,60,5,1
846,40,92,69,14,1,60,0,0
847,42,50,39,8,1,71,-6,1
848,52,35,81,14,1,87,-2,0
849,67,39,90,23,0,64,-8,0
850,96,37,93,2,0,37,-3,1
851,99,99,34,21,0,77,-5,0
852,88,38,82,18,0,41,-7,0
853,64,98,84,12,1,83,1,1
854,95,44,66,11,1,75,1,0
855,72,55,85,19,0,88,10,0
856,77,80,88,0,0,61,5,0
857,92,61,98,20,0,42,-1,1
858,45,75,88,16,0,66,3,0
859,97,47,31,12,0,98,2,0
860,83,43,94,0,0,44,-2,1
861,84,70,89,9,0,47,-4,0
862,71,92,80,14,1,97,1,0
863,84,88,59,6,1,69,-6,1
864,86,46,40,21,1,95,7,0
865,60,48,68,17,1,88,-7,1
866,55,68,92,15,0,42,-9,0
867,93,87,93,13,0,63,-8,0
868,60,54,90,17,0,75,1,1
869,50,50,83,6,0,64,-8,1
870,99,90,87,16,0,55,-7,0
871,76,92,85,17,1,45,-5,0
872,75,38,63,11,0,36,1,0
873,74,38,60,7,1,84,8,1
874,58,54,81,21,0,75,-1,0
875,59,44,30,1,1,37,-10,1
876,96,58,84,6,0,85,6,1
877,57,60,51,3,1,59,5,0
878,86,71,69,17,0,64,-2,0
879,80,88,30,5,0,45,10,0
880,88,55,94,8,0,51,-2,1
881,53,72,92,8,0,60,-2,0
882,54,80,83,13,1,57,1,0
883,70,38,71,7,0,90,-2,0
884,40,94,50,18,1,86,4,0
885,92,91,51,2,0,82,-9,0
886,93,79,67,17,1,54,0,0
887,93,54,37,4,0,36,0,1
888,42,51,91,13,0,65,-3,1
889,55,38,76,3,1,61,-5,0
890,62,48,46,6,0,36,10,0
891,96,37,46,19,0,38,9,1
892,50,92,42,24,1,47,-4,1
893,51,89,46,11,0,69,-8,0
894,49,38,67,1,1,40,-3,0
895,71,58,74,10,0,65,7,0
896,55,68,35,13,1,44,6,1
897,47,64,64,21,1,55,0,0
898,77,53,43,22,1,57,-9,1
899,51,65,90,15,1,37,10,1
900,63,94,44,19,0,66,8,0
901,67,94,83,5,0,54,-4,0
902,92,53,56,22,1,63,7,0
903,47,83,42,3,0,86,-3,0
904,97,97,60,14,0,80,3,1
905,67,56,64,23,0,68,-4,0
906,75,58,89,24,1,95,10,0
907,65,64,35,0,0,45,-7,1
908,47,92,98,6,0,97,6,1
909,97,65,87,24,1,55,-6,0
910,99,98,78,11,0,37,1,0
911,89,53,52,9,1,44,-2,0
912,67,82,63,4,1,61,9,0
913,67,79,55,11,1,46,2,1
914,76,89,76,17,0,41,7,0
915,80,89,34,9,0,51,9,0
916,75,52,49,5,1,99,-2,0
917,66,97,35,11,1,98,-7,0
918,93,81,99,6,1,60,10,0
919,56,91,88,17,1,49,-3,1
920,48,79,93,1,1,67,-10,1
921,72,67,47,9,1,96,6,0
922,92,51,33,14,0,81,-2,0
923,59,38,46,11,1,69,9,1
924,52,54,43,16,1,99,2,1
925,67,81,42,3,1,59,-9,1
926,87,49,36,6,0,91,2,0
927,68,81,73,8,0,66,-2,0
928,52,43,44,18,0,97,9,1
929,85,50,48,22,0,46,-5,1
930,74,95,92,6,1,97,-10,0
931,45,44,64,22,0,35,-6,0
932,57,84,64,1,1,85,-8,0
933,90,37,48,5,1,42,-7,1
934,44,85,49,17,1,39,-10,1
935,86,53,64,5,1,73,3,1
936,64,76,61,12,1,57,-2,1
937,41,69,77,18,1,86,-7,1
938,49,80,73,1,0,38,7,1
939,95,60,53,11,0,81,3,0
940,69,98,90,14,0,55,-7,1
941,89,71,46,13,0,90,-1,1
942,98,83,79,5,0,93,-8,0
943,84,55,94,17,1,41,-4,0
944,44,98,61,4,0,83,-1,0
945,94,39,65,17,0,50,2,0
946,95,38,42,2,0,51,-7,0
947,72,73,99,2,1,68,7,0
948,93,69,87,21,1,67,0,0
949,40,35,43,21,1,60,-7,1
950,57,58,66,9,0,97,3,0
951,71,91,97,18,0,75,7,0
952,86,75,69,2,0,92,-3,1
953,88,88,88,11,0,44,-1,0
954,50,80,45,15,0,49,-6,1
955,60,94,91,16,1,76,-4,1
956,65,94,33,6,0,91,1,1
957,64,91,74,12,1,51,-8,1
958,61,65,57,23,0,94,-7,1
959,98,58,95,1,1,43,-1,1
960,66,70,60,3,1,70,-7,0
961,88,64,32,9,1,70,4,1
962,52,58,37,6,1,82,-1,0
963,72,64,53,23,0,85,10,0
964,73,41,44,16,0,56,5,0
965,80,69,72,19,0,40,4,0
966,74,89,60,5,1,60,8,0
967,40,48,74,18,0,37,9,1
968,60,44,95,4,0,86,8,0
969,87,50,37,9,0,94,7,1
970,94,88,86,8,0,97,1,0
971,45,78,59,12,1,99,5,0
972,67,79,47,18,1,86,-10,1
973,56,90,98,20,0,48,5,0
974,44,91,68,23,0,62,-9,0
975,70,55,89,5,0,44,4,1
976,44,84,72,3,1,91,-4,1
977,77,67,74,23,1,84,-10,0
978,42,41,52,2,1,48,-6,1
979,92,49,98,2,0,50,-1,1
980,62,66,35,3,1,88,10,1
981,76,54,85,24,1,77,-7,0
982,92,49,33,4,1,76,3,0
983,76,82,52,7,1,56,2,0
984,49,55,35,15,1,53,-10,0
985,49,76,61,21,0,73,5,0
986,58,60,47,2,0,53,-2,0
987,56,48,44,23,0,50,5,0
988,60,91,69,11,0,88,8,0
989,53,71,35,24,1,59,4,1
990,48,92,92,7,0,52,3,1
991,85,55,96,12,0,57,9,0
992,40,37,40,3,0,45,-1,1
993,90,71,72,13,1,73,10,0
994,84,83,46,13,0,59,1,1
995,52,53,33,12,1,97,-10,1
996,43,46,92,5,1,64,10,1
997,40,95,97,16,1,79,6,0
998,88,75,70,3,0,95,-2,0
999,79,67,34,7,1,85,8,0
1000,71,84,61,16,0,43,7,0
1001,73,67,99,2,0,36,-4,1
1002,67,58,64,16,0,39,-2,1
1003,70,95,51,8,1,96,10,0
1004,47,95,94,1,1,86,1,0
1005,78,62,51,24,0,39,-4,0
1006,65,92,40,12,1,93,3,0
1007,97,77,32,19,1,43,4,1
1008,73,75,38,1,1,56,4,1
1009,93,73,89,19,0,61,-5,0
1010,93,83,43,10,1,44,10,1
1011,42,51,47,21,1,95,3,1
1012,98,99,52,14,0,85,-9,0
1013,89,39,76,10,1,44,-3,1
1014,51,36,98,22,0,40,2,0
1015,40,56,76,2,1,96,-5,1
1016,93,91,59,2,1,39,-6,0
1017,83,50,54,11,1,97,-6,0
1018,44,85,57,23,1,90,-10,0
1019,69,73,54,4,1,93,-2,1
1020,69,74,87,19,1,97,-5,1
1021,98,72,70,6,0,93,9,0
1022,96,94,54,6,1,85,-4,0
1023,56,93,77,12,1,84,-2,0
1024,87,44,39,8,1,38,-6,1
1025,86,98,40,24,0,82,3,1
1026,62,97,50,20,0,66,-6,1
1027,54,83,74,12,0,85,-3,0
1028,76,98,36,11,1,86,-4,1
1029,60,66,93,12,1,68,2,0
1030,53,41,93,23,0,70,2,0
1031,41,55,31,9,0,77,-3,0
1032,50,54,71,0,0,50,0,0
1033,90,60,83,24,1,93,7,1
1034,78,49,45,7,0,87,8,0
1035,77,48,47,21,1,53,-5,0
1036,99,61,88,15,1,75,-9,0
1037,73,74,45,12,1,81,2,0
1038,77,92,35,2,0,88,0,1
1039,89,62,86,2,1,89,-10,1
1040,73,60,76,23,0,53,-9,0
1041,57,97,77,4,0,96,6,0
1042,69,59,71,10,0,93,-3,1
1043,54,37,89,6,0,99,-9,1
1044,66,78,33,20,1,62,-5,1
1045,90,76,31,23,1,52,-6,0
1046,73,40,88,9,1,60,5,0
1047,91,73,56,9,1,53,-3,0
1048,96,86,56,19,0,89,8,0
1049,77,57,36,1,0,91,5,1
1050,72,84,92,2,0,40,2,1
1051,63,77,75,7,0,35,9,0
1052,54,53,92,10,1,42,-4,0
1053,99,85,41,12,0,85,5,0
1054,69,45,42,6,1,59,5,0
1055,94,46,72,12,0,81,1,0
1056,81,42,46,1,0,89,3,0
1057,90,58,92,5,0,98,7,1
1058,56,75,65,8,0,44,7,1
1059,44,70,37,19,1,90,5,1
1060,68,89,98,24,1,46,9,0
1061,43,43,65,1,1,67,5,0
1062,49,81,57,17,1,51,2,1
1063,95,49,76,15,0,95,-2,1
1064,56,82,59,24,0,44,-2,0
1065,49,76,52,11,1,65,2,0
1066,56,94,45,6,1,94,-7,0
1067,99,46,43,6,0,51,-2,1
1068,59,36,81,16,0,84,4,0
1069,63,41,66,12,1,71,3,1
1070,44,37,58,10,1,96,8,1
1071,73,37,96,5,1,63,1,0
1072,45,61,44,22,0,66,10,0
1073,92,74,76,13,1,45,-5,1
1074,41,67,75,5,1,40,-8,0
1075,52,35,81,5,1,69,9,1
1076,82,42,48,1,1,67,5,0
1077,82,66,50,21,1,52,9,1
1078,87,82,93,19,0,71,6,0
1079,50,38,66,24,1,47,5,1
1080,90,53,56,14,0,98,-5,0
1081,86,66,84,16,1,35,-3,1
1082,96,43,58,7,1,97,8,0
1083,62,46,49,4,1,68,-9,0
1084,94,45,54,16,0,44,3,1
1085,55,80,99,19,0,41,1,1
1086,70,50,92,0,0,90,6,0
1087,50,35,65,21,1,71,4,0
1088,93,97,31,17,1,63,7,1
1089,55,55,51,14,0,46,5,1
1090,47,64,45,4,0,51,2,1
1091,43,47,47,6,1,82,10,1
1092,79,68,98,17,0,60,6,0
1093,43,38,83,5,1,46,-3,1
1094,95,62,59,21,0,55,-10,0
1095,64,93,74,20,0,76,-8,0
1096,42,61,48,4,0,95,5,0
1097,71,59,63,18,1,92,-9,0
1098,42,37,42,9,1,88,4,1
1099,66,59,72,14,0,68,-10,0
1100,68,54,91,9,1,41,-2,0
1101,71,68,51,15,1,69,5,1
1102,89,60,81,11,1,49,-7,1
1103,97,39,81,17,1,99,1,1
1104,90,95,65,22,0,59,-10,1
1105,58,43,48,0,1,93,-10,1
1106,60,84,67,15,1,40,-4,0
1107,44,40,99,21,0,86,7,0
1108,57,94,86,5,1,55,4,1
1109,67,78,49,2,1,66,2,0
1110,81,45,38,1,1,87,5,1
1111,61,81,61,1,0,93,-4,0
1112,60,37,33,12,0,96,5,0
1113,45,64,79,8,1,38,2,1
1114,40,55,34,15,1,52,3,0
1115,44,62,49,4,0,90,6,0
1116,80,96,66,22,0,58,1,1
1117,51,67,51,20,0,47,9,1
1118,65,69,87,6,1,96,2,0
1119,85,86,97,12,1,88,9,1
1120,73,68,73,19,0,49,4,0
1121,88,75,63,23,1,37,10,0
1122,53,85,71,12,1,71,-7,1
1123,65,81,38,6,1,71,-9,1
1124,84,92,36,9,1,37,7,0
1125,66,91,97,14,1,97,-9,0
1126,48,57,48,20,1,69,4,0
1127,65,82,60,5,1,86,8,0
1128,96,56,64,4,0,62,4,0
1129,86,51,86,22,0,52,9,0
1130,96,45,90,1,0,70,-1,0
1131,61,49,60,20,0,67,9,0
1132,86,69,82,14,0,98,0,0
1133,95,67,61,15,0,60,-1,0
1134,69,50,95,18,0,82,-6,0
1135,82,68,88,8,0,74,-2,0
1136,87,74,39,21,0,51,9,0
1137,56,62,31,18,1,74,8,0
1138,65,81,95,6,1,41,2,1
1139,75,73,89,3,0,91,7,1
1140,40,54,46,2,1,42,6,0
1141,47,35,45,23,1,90,-5,1
1142,88,97,45,19,0,65,-1,0
1143,74,38,75,10,0,93,-9,0
1144,91,92,68,0,0,92,-5,1
1145,54,59,60,5,1,46,10,1
1146,86,81,30,10,1,82,2,0
1147,95,72,40,0,0,65,7,0
1148,61,49,33,20,1,97,-4,0
1149,53,97,55,6,1,73,-9,0
1150,65,55,79,5,1,54,3,1
1151,67,91,41,13,0,82,-6,1
1152,62,87,94,1,1,88,7,0
1153,53,80,76,3,1,63,0,0
1154,63,48,82,10,1,82,-1,1
1155,41,51,31,14,1,90,0,0
1156,84,73,53,17,1,51,-9,0
1157,65,43,33,0,1,43,4,0
1158,53,40,48,2,1,68,-4,1
1159,98,57,55,2,0,79,-2,0
1160,95,93,69,6,0,43,-6,0
1161,90,80,79,0,1,41,-4,0
1162,46,72,72,24,0,50,9,0
1163,42,48,96,10,1,53,-9,1
1164,86,96,41,5,1,40,-8,0
1165,62,69,96,19,1,45,-9,0
1166,85,53,56,2,0,95,10,1
1167,82,64,83,18,1,76,8,1
1168,86,59,95,1,1,47,-7,0
1169,99,74,78,17,0,46,9,1
1170,84,48,45,11,0,54,-4,1
1171,57,60,31,9,1,84,-4,1
1172,97,56,89,4,0,70,6,0
1173,77,82,83,8,0,71,8,0
1174,74,85,59,1,1,46,5,1
1175,90,37,67,1,1,74,-8,0
1176,54,76,57,5,1,88,4,0
1177,64,53,54,9,0,36,3,0
1178,94,62,39,17,0,84,4,1
1179,76,79,89,11,0,75,3,0
1180,67,97,71,3,1,79,-4,0
1181,49,53,69,21,0,43,-8,0
1182,78,81,71,20,0,96,6,0
1183,96,48,76,16,1,81,-1,0
1184,56,72,66,14,1,39,4,0
1185,78,87,51,5,1,35,-5,0
1186,61,95,86,15,0,78,6,0
1187,65,70,56,16,1,56,6,0
1188,83,74,70,2,0,72,3,0
1189,64,64,63,9,0,53,7,0
1190,56,43,61,4,1,65,-6,1
1191,52,98,95,13,1,76,-3,0
1192,59,67,41,20,1,60,-4,0
1193,64,86,69,12,1,47,-7,0
1194,43,48,39,5,1,92,7,1
1195,49,87,77,11,0,52,-6,1
1196,42,93,49,7,0,37,5,0
1197,80,75,68,4,0,89,3,0
1198,84,42,89,14,1,92,8,0
1199,57,36,95,15,0,97,3,0
1200,86,75,94,0,1,86,-2,1
1201,75,89,80,15,1,58,-5,0
1202,86,50,65,4,0,43,6,0
1203,61,96,53,2,0,71,8,0
1204,73,82,56,19,1,87,1,1
1205,86,64,31,14,0,58,-7,0
1206,47,46,60,12,1,55,5,1
1207,79,69,86,23,0,74,0,0
1208,88,45,95,15,0,96,-7,0
1209,83,98,58,22,0,48,6,1
1210,58,84,44,10,0,76,-3,1
1211,81,55,41,20,0,84,3,0
1212,80,82,57,1,1,95,-9,0
1213,76,54,53,21,0,38,0,1
1214,45,78,50,5,0,51,0,0
1215,91,67,39,5,0,91,-5,0
1216,65,95,47,13,1,82,10,0
1217,73,43,43,24,1,78,10,1
1218,98,69,63,10,1,79,3,0
1219,95,99,87,7,1,67,-1,1
1220,98,42,51,7,1,65,-3,1
1221,84,79,99,0,0,81,-4,1
1222,45,81,65,20,0,40,-3,0
1223,76,74,74,6,0,68,-3,1
1224,96,88,65,5,1,87,-9,0
1225,72,80,51,20,1,48,5,0
1226,92,81,90,7,0,50,-2,0
1227,61,49,85,18,1,77,2,0
1228,60,53,62,21,1,46,1,0
1229,45,60,74,20,1,53,6,0
1230,45,86,65,23,0,75,-9,0
1231,94,56,49,19,0,87,2,0
1232,87,55,47,7,1,63,-10,1
1233,43,85,67,13,1,93,8,1
1234,69,72,96,17,1,98,0,0
1235,50,54,52,24,1,58,-6,1
1236,69,63,45,15,0,50,-10,0
1237,70,85,88,8,1,86,9,0
1238,63,38,98,14,0,40,2,1
1239,94,89,97,9,0,71,-3,0
1240,48,62,50,21,0,38,-5,1
1241,94,38,99,15,1,72,6,0
1242,42,56,41,3,0,75,1,0
1243,90,79,45,19,0,48,-10,0
1244,70,68,43,12,1,85,-8,1
1245,79,89,90,21,1,99,3,0
1246,76,35,75,4,1,86,-3,0
1247,75,72,61,21,0,64,0,0
1248,63,40,44,6,1,91,3,0
1249,70,59,73,22,0,64,-3,0
1250,45,51,46,8,0,76,-8,0
1251,41,95,70,7,1,45,-4,0
1252,59,46,83,15,0,61,8,1
1253,67,40,73,5,0,58,-7,0
1254,50,61,34,15,0,73,5,0
1255,43,42,56,5,0,52,2,0
1256,54,99,72,13,1,79,9,0
1257,45,91,60,20,0,46,8,0
1258,93,74,46,0,1,83,-6,0
1259,88,48,83,24,0,65,-6,0
1260,69,69,91,8,0,56,9,0
1261,95,82,61,24,1,78,-7,0
1262,77,90,69,23,0,98,-9,0
1263,90,83,42,12,0,59,2,0
1264,96,47,64,18,0,85,5,0
1265,41,95,34,16,0,41,-9,1
1266,54,83,58,10,0,40,8,0
1267,50,80,99,7,0,58,6,1
1268,47,96,54,22,1,53,-6,1
1269,65,42,51,4,1,43,7,1
1270,90,77,95,9,1,70,10,0
1271,84,54,74,6,0,74,7,0
1272,83,73,98,9,0,58,-3,1
1273,44,83,30,3,0,82,4,1
1274,45,98,73,8,1,97,2,0
1275,65,96,68,13,0,87,2,1
1276,93,88,83,1,1,88,5,0
1277,43,43,58,24,0,76,9,1
1278,58,71,83,8,0,79,2,0
1279,59,83,45,20,0,48,9,0
1280,72,75,49,0,1,63,-9,0
1281,59,51,75,22,0,40,-8,1
1282,88,55,96,9,1,41,4,0
1283,51,85,94,9,0,71,8,0
1284,86,93,87,19,0,87,2,0
1285,40,73,82,24,1,52,-6,1
1286,65,89,30,21,0,72,-5,1
1287,53,75,95,2,0,93,3,0
1288,77,73,58,5,0,35,-7,1
1289,76,47,99,5,0,78,8,0
1290,50,98,37,20,1,81,-4,0
1291,75,45,58,1,1,69,-7,0
1292,52,53,80,17,0,94,-9,0
1293,82,45,62,22,0,86,-4,0
1294,42,80,32,1,1,42,-8,1
1295,72,79,89,11,0,75,4,0
1296,45,35,64,21,1,37,-10,1
1297,89,74,98,4,0,48,-9,0
1298,95,53,49,19,1,60,-1,0
1299,49,95,68,6,1,92,5,0
1300,44,46,33,23,1,74,4,0
1301,62,95,48,15,1,85,4,1
1302,49,67,74,19,0,39,3,1
1303,83,79,72,0,0,66,3,0
1304,41,42,42,0,1,35,-5,0
1305,52,59,42,16,1,88,3,0
1306,79,80,89,0,1,45,6,0
1307,41,64,86,20,1,87,7,0
1308,59,81,81,19,0,42,9,1
1309,40,83,82,12,1,59,8,1
1310,76,81,72,8,1,74,6,1
1311,48,52,71,14,1,66,5,0
1312,56,67,55,2,1,62,-3,1
1313,48,70,52,13,1,37,-4,0
1314,50,53,72,22,1,96,9,0
1315,54,62,57,10,1,61,1,1
1316,63,74,38,23,0,79,-2,1
1317,77,49,49,21,1,59,3,1
1318,94,75,85,11,1,95,9,0
1319,74,73,68,12,1,78,-10,0
1320,69,36,80,12,0,80,-1,1
1321,70,97,41,0,0,48,6,0
1322,88,63,84,23,0,42,6,0
1323,44,85,40,9,1,82,6,0
1324,99,44,55,2,1,48,-7,0
1325,83,48,71,23,1,99,6,0
1326,89,85,56,3,0,41,7,0
1327,53,73,40,15,1,83,9,0
1328,92,62,67,7,0,89,-9,0
1329,95,37,72,15,0,47,-3,0
1330,50,61,48,16,0,90,2,0
1331,48,36,93,18,0,90,9,0
1332,73,72,35,21,0,49,4,0
1333,51,37,75,14,1,91,9,0
1334,74,50,71,15,1,92,-2,1
1335,74,74,94,14,0,69,-8,1
1336,40,36,88,24,1,50,-8,1
1337,79,75,81,1,1,42,-9,0
1338,61,46,76,10,0,79,-10,1
1339,99,69,36,0,0,74,3,1
1340,68,99,40,14,1,88,6,1
1341,47,89,90,18,1,48,2,1
1342,50,79,97,3,1,93,8,1
1343,80,96,54,10,1,87,4,1
1344,76,83,41,4,0,61,3,0
1345,53,59,55,2,1,81,-9,1
1346,99,57,41,12,0,40,-4,1
1347,69,58,72,9,0,89,6,0
1348,74,72,80,10,1,78,7,0
1349,60,62,66,17,1,52,-5,1
1350,76,55,75,1,1,50,10,1
1351,44,88,82,6,0,46,-3,0
1352,58,52,42,8,0,54,-9,1
1353,98,70,83,9,0,79,-10,1
1354,53,79,86,17,0,98,5,1
1355,65,87,33,22,1,93,-4,1
1356,43,64,78,6,0,56,0,0
1357,64,94,36,6,0,81,4,0
1358,84,66,40,2,1,63,2,0
1359,81,62,83,11,0,79,-9,0
1360,64,78,74,6,0,43,3,0
1361,57,75,52,16,1,58,-5,0
1362,79,97,57,0,0,49,-2,0
1363,47,57,86,4,0,70,-4,1
1364,78,82,55,15,0,47,7,0
1365,79,66,54,14,0,78,-2,0
1366,53,91,83,1,1,70,-7,1
1367,71,67,58,8,0,95,-2,0
1368,90,58,65,6,1,74,-7,1
1369,77,73,43,3,0,61,1,0
1370,72,68,64,19,1,35,-7,1
1371,62,90,59,17,1,68,9,0
1372,54,62,46,20,1,55,3,0
1373,72,71,96,3,0,67,-4,0
1374,64,41,59,12,0,41,2,1
1375,56,71,74,0,0,99,-3,1
1376,72,90,80,23,1,37,-6,0
1377,86,99,76,2,0,85,1,0
1378,94,99,82,15,0,88,2,0
1379,41,81,93,21,0,93,9,0
1380,53,54,67,3,0,40,3,0
1381,92,53,93,24,1,63,7,0
1382,79,63,36,22,1,51,9,1
1383,79,94,51,24,0,94,-7,1
1384,90,52,70,15,0,56,10,0
1385,78,69,39,18,0,58,7,0
1386,90,77,86,0,1,85,-4,0
1387,45,45,36,4,0,84,4,1
1388,45,83,79,18,1,45,10,1
1389,42,72,81,21,1,90,-5,0
1390,46,98,62,23,0,76,5,0
1391,90,42,30,10,0,73,9,0
1392,47,68,82,12,0,82,-3,1
1393,81,82,89,19,1,91,10,0
1394,91,90,63,4,1,55,5,0
1395,54,99,33,20,0,54,5,0
1396,86,65,46,3,1,49,-8,0
1397,68,38,33,3,0,85,6,1
1398,72,84,72,3,0,96,-2,1
1399,91,64,33,3,1,71,-8,1
1400,69,93,30,19,1,40,9,0
1401,78,79,79,20,1,60,-4,0
1402,66,38,90,17,1,42,7,0
1403,75,60,64,17,0,38,1,1
1404,68,61,37,15,0,55,8,0
1405,77,80,53,8,0,65,5,0
1406,96,98,65,17,1,55,6,0
1407,72,85,79,21,0,59,9,0
1408,76,84,72,1,1,49,4,1
1409,66,40,56,20,1,69,-10,1
1410,94,93,61,3,1,83,-9,1
1411,72,49,47,11,0,77,-3,0
1412,43,64,57,6,1,75,-9,0
1413,61,76,58,14,1,71,8,1
1414,41,71,45,6,1,91,-2,0
1415,49,76,76,21,1,76,-2,0
1416,44,69,88,20,1,81,2,0
1417,98,40,60,16,1,95,-5,1
1418,49,52,33,15,1,48,4,1
1419,72,63,66,18,1,87,8,0
1420,93,93,46,8,1,68,10,1
1421,77,81,68,13,1,58,4,0
1422,52,51,77,16,1,54,7,0
1423,70,56,75,4,1,64,-4,1
1424,86,71,77,1,0,41,0,0
1425,75,83,68,19,0,70,-3,1
1426,84,47,33,15,1,72,-5,0
1427,63,68,59,13,1,86,-3,1
1428,91,87,59,13,1,49,-9,1
1429,95,85,51,0,0,80,8,0
1430,54,37,95,2,0,57,5,0
1431,68,76,41,6,0,46,-4,0
1432,47,66,65,14,1,78,-1,1
1433,44,85,47,18,1,49,1,1
1434,68,80,82,19,1,83,6,0
1435,86,55,30,1,1,55,-4,1
1436,43,78,87,18,0,49,-3,0
1437,51,45,35,8,1,48,-4,1
1438,84,35,99,18,0,76,-7,0
1439,41,97,73,4,0,49,-8,0
1440,66,58,53,17,1,97,8,0
1441,70,47,48,15,0,61,4,0
1442,90,45,47,3,0,87,-7,1
1443,90,85,59,11,0,86,-2,1
1444,75,51,71,6,0,97,2,0
1445,75,58,62,13,1,87,7,0
1446,65,53,41,22,1,91,10,0
1447,82,71,56,11,0,86,5,0
1448,66,42,68,2,1,77,-10,1
1449,44,62,38,4,0,41,-7,1
1450,59,39,50,16,1,76,7,1
1451,50,51,58,9,1,38,-3,1
1452,49,70,62,9,1,39,9,1
1453,79,53,91,10,1,75,5,0
1454,77,98,44,16,1,38,10,1
1455,45,45,31,4,0,36,0,1
1456,47,88,81,12,1,55,9,1
1457,62,79,73,9,0,77,10,1
1458,86,81,83,8,0,43,10,1
1459,65,46,47,16,1,62,10,0
1460,85,55,32,0,0,60,8,0
1461,82,45,36,3,1,37,8,1
1462,51,39,72,3,0,83,7,0
1463,65,90,67,17,0,51,8,0
1464,52,54,66,8,1,97,0,1
1465,79,75,87,24,1,89,-8,0
1466,57,80,62,17,1,57,-3,1
1467,64,46,88,13,1,68,9,0
1468,72,51,40,24,0,49,8,0
1469,86,53,97,14,1,81,-1,0
1470,79,60,97,5,0,37,5,0
1471,99,82,51,23,0,62,-6,0
1472,82,86,95,9,0,37,9,0
1473,51,89,73,14,0,38,-2,1
1474,83,67,35,3,0,65,-3,0
1475,75,96,71,17,0,79,0,0
1476,87,57,54,17,1,93,5,0
1477,43,49,86,24,0,79,-4,1
1478,44,61,84,16,0,71,4,0
1479,95,98,45,11,0,99,10,1
1480,76,85,43,6,1,43,9,1
1481,47,87,68,15,1,51,6,0
1482,81,85,57,10,0,99,-5,1
1483,88,81,80,13,1,37,4,0
1484,67,38,78,2,0,60,-3,0
1485,70,41,38,18,1,87,-4,0
1486,97,69,87,17,0,65,-9,0
1487,48,82,74,9,1,60,2,0
1488,93,79,51,5,1,57,-5,0
1489,90,53,61,12,1,64,-6,1
1490,68,97,98,9,0,44,9,0
1491,53,72,98,17,0,98,-10,0
1492,79,93,71,19,0,56,7,1
1493,80,47,82,15,1,49,4,1
1494,61,81,88,24,1,90,-1,1
1495,50,95,68,24,0,54,-8,1
1496,62,65,44,5,1,81,-6,1
1497,40,56,58,12,0,87,2,0
1498,85,77,32,3,0,87,-3,0
1499,76,88,39,22,0,35,10,1
1500,60,44,58,13,0,36,-9,0
1501,65,76,64,0,1,92,-2,1
1502,85,98,35,19,1,53,6,0
1503,75,55,41,4,1,96,7,0
1504,93,75,67,7,0,46,2,0
1505,62,58,48,11,1,60,-10,0
1506,96,69,96,1,0,61,1,0
1507,40,90,37,11,0,63,9,0
1508,93,64,37,4,0,49,9,1
1509,94,91,76,21,0,80,10,0
1510,90,81,33,4,0,35,-6,0
1511,79,69,80,12,0,94,-3,0
1512,54,53,96,8,1,91,4,0
1513,60,42,74,9,1,37,-8,0
1514,86,60,37,0,1,52,-5,1
1515,48,64,45,2,1,86,2,0
1516,92,41,96,17,0,94,1,1
1517,48,99,38,11,0,68,8,0
1518,49,70,89,2,1,94,7,0
1519,91,59,44,24,1,60,-10,1
1520,96,71,70,8,1,53,-4,0
1521,92,35,51,1,1,56,1,0
1522,65,49,53,2,1,67,-1,1
1523,80,71,73,13,1,72,1,0
1524,74,47,30,3,1,69,0,0
1525,91,42,39,24,1,44,-7,1
1526,64,39,85,18,0,49,8,1
1527,65,94,79,12,0,45,-5,0
1528,50,35,41,6,0,58,-2,0
1529,77,70,89,11,0,38,9,1
1530,41,69,55,2,1,47,-1,1
1531,46,97,70,22,0,91,-6,0
1532,57,57,65,22,1,71,2,0
1533,66,43,52,8,0,82,-2,1
1534,73,68,72,1,1,35,-9,0
1535,66,80,35,21,1,94,7,0
1536,56,38,98,8,0,46,10,0
1537,82,64,72,11,0,55,-10,1
1538,98,37,54,11,1,45,10,1
1539,83,48,47,14,1,78,1,1
1540,98,94,91,1,1,92,-1,0
1541,90,79,42,17,0,78,-9,0
1542,93,68,72,12,0,68,-2,0
1543,63,79,57,13,1,59,-9,0
1544,64,95,47,4,0,38,3,0
1545,46,50,88,9,1,98,0,0
1546,91,74,89,11,0,50,0,1
1547,45,51,92,9,0,44,6,0
1548,92,68,86,23,0,69,-7,1
1549,63,50,80,10,0,40,2,1
1550,72,94,85,24,0,53,-4,0
1551,88,47,56,1,1,93,5,0
1552,68,90,61,4,1,87,-10,0
1553,82,65,38,6,0,42,2,0
1554,61,68,97,5,1,44,-10,1
1555,65,73,75,21,1,72,0,0
1556,67,42,96,22,0,63,-5,1
1557,89,89,55,2,1,49,9,0
1558,60,61,37,12,0,57,-8,0
1559,88,87,35,2,1,80,1,0
1560,46,73,53,24,1,62,-6,1
1561,56,99,77,23,1,60,-2,0
1562,59,51,74,20,1,44,1,1
1563,80,64,42,5,1,81,-1,1
1564,88,87,98,10,1,38,8,1
1565,59,47,54,16,1,89,-6,1
1566,93,55,49,9,0,41,-6,0
1567,61,53,95,11,0,89,-2,0
1568,67,87,74,16,0,65,9,1
1569,79,53,76,3,0,53,6,0
1570,88,91,92,1,1,62,-1,0
1571,46,59,84,10,1,62,10,0
1572,40,65,48,6,1,53,-10,0
1573,71,89,64,1,0,54,5,0
1574,52,57,82,17,0,47,4,0
1575,69,66,55,20,0,77,6,0
1576,62,96,43,3,1,45,9,0
1577,90,44,74,7,0,82,2,0
1578,98,88,73,19,1,49,-10,0
1579,95,86,94,13,0,51,-3,0
1580,58,54,80,11,1,88,-6,0
1581,71,66,72,21,0,84,-5,0
1582,69,48,52,20,1,62,9,1
1583,68,84,85,17,0,38,3,0
1584,88,62,48,10,0,56,0,1
1585,84,87,84,7,1,73,-5,1
1586,68,58,89,1,1,68,0,1
1587,69,56,88,24,0,78,2,0
1588,55,64,62,14,1,76,1,0
1589,79,97,48,8,0,74,-9,0
1590,58,38,57,18,1,46,10,0
1591,57,93,81,19,0,36,-8,0
1592,40,42,78,7,1,62,-7,0
1593,53,46,66,24,0,44,6,0
1594,90,65,55,18,0,91,-5,0
1595,86,68,69,4,0,71,-4,1
1596,89,83,67,10,1,98,4,0
1597,41,91,83,14,0,74,0,0
1598,93,60,51,7,1,94,-8,0
1599,67,52,45,18,1,82,-5,0
1600,88,72,57,22,1,53,-9,0
1601,89,84,64,7,0,67,3,0
1602,69,42,89,18,1,78,-2,0
1603,77,75,74,17,1,71,7,0
1604,90,40,75,9,1,70,8,1
1605,43,78,84,6,0,55,1,0
1606,40,98,55,8,1,36,2,0
1607,47,63,54,0,1,65,1,0
1608,68,62,94,18,1,64,1,0
1609,94,45,35,4,1,78,7,1
1610,78,99,52,18,0,46,-2,1
1611,42,53,93,0,0,85,6,0
1612,71,43,72,14,1,83,10,0
1613,49,61,52,15,1,58,5,1
1614,49,68,59,22,1,58,6,1
1615,58,78,47,6,1,94,10,0
1616,85,49,50,11,0,45,-3,1
1617,73,85,86,7,0,47,0,0
1618,99,47,52,4,0,98,-9,1
1619,72,83,74,9,0,54,-3,0
1620,62,90,73,20,1,62,1,0
1621,94,85,76,4,1,36,10,1
1622,67,71,69,16,0,77,-10,0
1623,71,51,80,4,0,42,2,1
1624,89,92,71,21,1,47,10,1
1625,46,63,36,14,1,69,6,1
1626,68,67,79,12,1,57,3,1
1627,47,94,77,0,1,80,3,1
1628,40,89,35,10,1,49,5,1
1629,96,44,38,22,0,36,6,0
1630,94,81,86,0,0,95,-5,0
1631,42,57,60,10,1,98,-4,1
1632,63,55,50,17,1,86,-10,0
1633,62,47,69,17,0,70,4,1
1634,98,67,74,20,1,81,9,0
1635,47,58,78,15,0,36,10,1
1636,93,45,49,12,0,78,7,0
1637,96,51,46,6,0,98,2,1
1638,86,81,57,0,0,62,-9,0
1639,76,59,70,15,1,88,8,0
1640,42,55,95,0,1,70,4,1
1641,90,46,54,16,0,97,1,0
1642,72,71,87,5,1,59,4,1
1643,67,76,70,1,1,82,7,0
1644,86,51,35,16,1,73,3,0
1645,47,82,67,5,1,81,-5,1
1646,73,62,35,13,0,55,1,0
1647,74,75,74,17,1,64,9,1
1648,71,81,43,5,0,65,-5,0
1649,63,52,95,9,0,60,-2,1
1650,53,47,69,23,1,56,-7,0
1651,71,47,32,17,0,55,6,0
1652,95,65,53,8,1,35,-9,1
1653,85,36,48,7,1,71,5,0
1654,82,50,47,9,0,80,3,0
1655,55,43,93,16,1,43,-3,1
1656,43,72,64,22,0,51,3,0
1657,91,88,91,5,0,81,-9,0
1658,76,90,30,13,1,93,5,0
1659,93,79,54,21,1,88,-7,1
1660,60,68,74,21,1,46,-10,1
1661,53,43,78,5,0,98,9,0
1662,70,42,45,6,1,40,3,0
1663,94,41,48,11,0,87,-3,0
1664,87,70,52,2,0,50,-8,1
1665,57,52,54,13,1,39,-6,0
1666,46,37,45,21,1,80,-5,0
1667,49,62,83,18,1,48,-3,1
1668,46,78,30,22,0,78,-5,1
1669,72,55,71,15,1,97,-5,0
1670,62,62,48,6,0,86,-7,0
1671,60,88,63,7,1,60,-4,0
1672,58,88,84,17,1,87,8,0
1673,87,99,47,24,0,63,-4,0
1674,58,55,63,12,0,53,-8,1
1675,75,47,74,20,1,81,-3,0
1676,68,91,35,8,1,42,-10,0
1677,99,83,50,9,1,57,-10,0
1678,57,88,99,20,1,69,3,1
1679,41,44,77,22,1,87,-5,0
1680,40,87,68,8,0,92,-1,0
1681,86,78,60,14,0,39,3,0
1682,44,81,39,19,0,50,-7,1
1683,59,87,59,1,0,51,-5,0
1684,50,80,47,24,1,66,5,0
1685,81,47,89,12,0,86,10,0
1686,41,71,44,1,0,54,-10,0
1687,42,58,33,18,0,35,-5,1
1688,62,36,92,1,1,92,-2,0
1689,94,48,69,2,0,78,4,0
1690,51,44,38,5,1,40,1,1
1691,59,69,38,2,0,84,-8,1
1692,44,59,55,9,1,54,0,0
1693,76,37,33,23,0,48,4,1
1694,77,51,45,5,1,39,-8,1
1695,69,46,44,22,0,75,3,1
1696,48,88,81,15,1,74,-9,1
1697,73,58,98,16,1,68,-7,0
1698,92,63,34,18,0,79,8,0
1699,83,77,49,2,1,61,1,0
1700,74,59,47,17,1,78,-9,1
1701,91,94,31,6,0,67,6,0
1702,97,99,42,8,0,67,-8,0
1703,61,62,33,19,1,78,-1,1
1704,83,50,71,11,0,54,5,0
1705,63,81,90,4,0,70,-2,0
1706,56,92,37,2,0,41,0,0
1707,49,61,96,10,1,66,10,1
1708,69,87,92,24,1,73,4,0
1709,95,76,38,3,1,58,-8,1
1710,98,93,40,4,1,88,5,0
1711,85,81,71,0,1,72,10,0
1712,62,68,42,17,1,66,10,0
1713,71,71,65,11,1,79,10,0
1714,56,40,42,12,0,95,1,0
1715,89,41,41,8,1,87,-6,0
1716,90,59,66,1,1,85,-4,1
1717,56,67,81,4,0,90,-2,0
1718,53,89,31,12,0,61,10,1
1719,48,92,85,15,0,72,7,0
1720,79,41,89,15,1,96,10,0
1721,41,91,52,23,0,52,-3,0
1722,84,46,69,2,1,98,1,0
1723,64,50,93,21,1,64,9,1
1724,78,77,52,3,1,83,-9,1
1725,48,41,58,10,0,75,-1,1
1726,93,85,80,22,0,47,8,1
1727,61,66,98,13,1,68,-2,1
1728,82,42,60,2,1,59,-3,0
1729,85,79,79,15,1,52,-10,0
1730,43,93,49,21,0,39,-5,1
1731,65,38,84,14,1,53,1,0
1732,97,63,31,9,0,76,8,1
1733,68,63,54,8,1,52,6,0
1734,84,62,42,10,0,66,-9,1
1735,73,78,99,15,1,55,0,0
1736,62,38,96,9,0,44,7,0
1737,76,43,87,16,0,71,0,0
1738,50,39,93,18,0,83,7,1
1739,45,90,98,1,0,47,-3,0
1740,57,84,88,23,0,89,4,1
1741,60,49,89,22,0,51,-2,1
1742,81,66,91,1,1,43,4,1
1743,75,62,45,5,1,78,-4,0
1744,80,56,97,18,1,80,9,0
1745,77,51,44,7,1,42,2,1
1746,73,93,84,2,0,71,2,0
1747,56,91,64,13,1,53,-10,0
1748,76,60,84,24,0,97,9,0
1749,64,59,43,15,0,80,-7,1
1750,77,44,78,0,0,60,-7,0
1751,97,79,36,20,1,80,-7,0
1752,51,45,59,2,0,80,2,0
1753,62,87,78,21,1,48,-9,0
1754,92,62,45,17,1,97,4,0
1755,81,99,80,8,1,37,-7,1
1756,61,83,71,5,1,62,-5,1
1757,60,81,46,22,1,63,-8,1
1758,66,86,92,20,0,52,-4,0
1759,96,88,74,24,0,69,-5,1
1760,70,94,36,0,1,81,-8,0
1761,45,91,56,20,0,39,-7,1
1762,66,81,39,9,1,93,-1,0
1763,79,65,63,5,0,93,10,0
1764,73,80,65,22,0,81,-2,0
1765,51,60,54,11,0,47,-5,0
1766,84,39,35,3,0,67,9,0
1767,96,86,53,12,0,96,0,1
1768,92,88,47,16,0,50,-4,0
1769,46,67,35,7,0,78,7,0
1770,49,84,58,19,0,92,-7,0
1771,84,72,54,2,0,40,-6,0
1772,56,61,84,11,0,49,-7,0
1773,65,49,75,6,0,38,-7,1
1774,60,95,53,11,0,90,2,0
1775,67,55,55,1,0,98,5,1
1776,97,80,57,23,1,68,3,0
1777,85,40,32,13,0,90,0,0
1778,41,72,67,21,0,66,-9,0
1779,99,96,90,22,0,43,3,1
1780,93,96,80,4,0,97,-4,0
1781,82,80,77,8,0,67,0,0
1782,40,47,50,20,0,55,-7,0
1783,90,37,83,10,1,89,-4,0
1784,92,40,85,4,1,91,5,0
1785,75,42,88,2,1,36,-5,1
1786,90,78,80,16,0,47,-5,0
1787,65,67,49,1,0,38,-9,1
1788,68,84,88,23,0,84,-3,0
1789,60,45,38,0,1,82,-4,1
1790,50,62,30,6,0,64,3,0
1791,79,75,58,13,0,63,-2,1
1792,50,50,92,4,1,42,4,1
1793,75,82,85,18,1,46,7,0
1794,88,90,97,10,0,75,1,0
1795,98,98,64,22,0,60,8,0
1796,78,93,32,24,0,84,2,0
1797,79,96,36,1,0,36,-4,0
1798,74,45,56,7,1,89,-1,1
1799,93,52,30,8,0,90,-1,1
1800,73,53,73,2,0,48,-9,0
1801,94,89,70,1,1,40,3,0
1802,86,60,71,6,0,95,2,1
1803,63,40,62,4,0,46,-5,1
1804,93,38,79,20,1,47,-2,0
1805,61,63,92,4,1,53,2,1
1806,44,93,66,19,0,78,-2,0
1807,95,51,88,12,1,93,2,0
1808,72,77,77,20,1,71,-6,1
1809,97,68,34,19,0,59,3,1
1810,75,42,77,5,1,50,-6,0
1811,86,47,32,19,0,72,-2,0
1812,59,42,76,17,0,77,-3,0
1813,58,99,91,24,0,48,-4,0
1814,74,77,43,1,0,40,-3,0
1815,91,73,92,24,1,57,-8,0
1816,82,93,90,5,0,94,4,0
1817,56,78,60,8,0,46,-3,1
1818,98,43,46,24,0,47,-10,0
1819,84,71,53,2,0,40,-4,1
1820,82,70,52,0,1,97,8,0
1821,73,62,79,0,1,72,-9,0
1822,48,76,99,18,1,84,3,0
1823,65,77,56,4,0,86,7,0
1824,41,76,44,12,1,74,4,1
1825,92,89,79,18,1,42,3,1
1826,48,82,65,11,0,95,8,0
1827,48,56,37,15,1,42,8,1
1828,79,61,32,24,0,68,6,0
1829,56,47,91,24,1,94,8,0
1830,40,79,76,18,1,91,5,0
1831,64,44,90,2,1,80,9,0
1832,82,43,61,11,1,56,8,1
1833,79,88,42,4,0,74,-10,1
1834,81,61,30,1,0,79,8,1
1835,64,68,63,21,1,89,-4,0
1836,78,35,91,6,0,85,0,1
1837,74,66,60,12,1,39,-6,0
1838,42,54,93,24,1,47,6,1
1839,89,69,54,14,1,62,0,0
1840,76,51,67,21,1,96,-3,0
1841,83,52,43,2,1,58,-1,1
1842,83,79,37,20,1,41,1,0
1843,90,87,83,19,0,72,-1,0
1844,69,99,31,4,0,71,2,0
1845,77,35,85,23,1,76,7,0
1846,73,92,90,7,0,39,-1,0
1847,51,60,51,21,1,98,8,0
1848,58,54,64,0,0,84,9,0
1849,76,44,45,7,0,49,6,1
1850,83,93,79,23,0,87,9,1
1851,98,75,72,17,1,59,5,0
1852,98,39,46,19,0,43,-6,0
1853,88,99,87,15,1,72,-8,0
1854,56,51,31,17,1,56,4,0
1855,49,56,33,19,1,83,-9,0
1856,96,75,68,11,0,49,2,0
1857,94,45,35,12,0,99,-3,0
1858,88,90,98,12,0,88,6,0
1859,86,85,98,9,1,64,-7,0
1860,51,55,49,6,1,54,8,1
1861,55,60,93,24,0,67,-2,1
1862,63,53,45,13,1,41,4,0
1863,58,94,80,23,0,42,-2,0
1864,47,81,66,15,0,62,10,1
1865,70,60,98,14,0,79,-2,1
1866,60,74,71,11,0,45,3,0
1867,56,39,86,8,1,65,10,0
1868,62,55,95,7,0,46,5,0
1869,76,38,38,17,0,85,6,0
1870,93,57,93,22,0,78,2,0
1871,55,49,51,17,0,84,-2,1
1872,45,42,63,12,0,51,4,0
1873,47,75,84,17,0,69,-4,0
1874,64,53,58,14,0,35,-10,1
1875,57,80,67,3,1,63,-10,1
1876,64,62,47,16,1,85,-6,1
1877,51,49,94,4,1,98,-2,1
1878,54,71,30,21,1,38,1,1
1879,98,35,33,15,0,62,-5,0
1880,65,58,33,8,1,50,2,0
1881,80,61,56,9,1,97,-3,0
1882,84,74,72,23,1,87,4,0
1883,65,97,88,17,0,51,-5,0
1884,86,95,61,16,1,74,-5,0
1885,71,70,62,17,1,47,-7,0
1886,49,58,57,6,0,86,0,1
1887,55,58,84,3,1,92,10,0
1888,46,38,89,4,0,71,7,0
1889,56,68,99,22,1,95,-8,1
1890,62,91,91,15,0,68,-8,0
1891,65,83,63,2,1,51,1,0
1892,60,87,85,17,1,54,10,0
1893,61,57,42,22,1,93,10,0
1894,97,87,85,20,0,67,-5,0
1895,46,96,47,13,1,51,10,1
1896,53,75,83,14,0,91,-5,0
1897,54,91,72,16,0,35,-3,0
1898,92,94,68,0,0,47,4,0
1899,46,88,90,24,0,61,7,0
1900,48,91,71,20,1,93,9,0
1901,90,44,47,16,1,40,5,1
1902,87,74,52,22,1,57,-5,1
1903,47,41,83,24,0,44,10,1
1904,89,72,59,10,1,85,6,0
1905,98,95,87,16,0,53,-2,0
1906,62,37,97,13,0,85,8,1
1907,68,85,96,19,0,76,7,0
1908,57,81,47,18,1,91,-6,0
1909,70,72,36,20,1,72,-5,0
1910,69,70,69,6,0,96,1,1
1911,91,75,99,23,1,41,0,0
1912,78,47,94,12,1,84,5,0
1913,74,92,97,17,0,86,9,0
1914,57,84,78,22,0,60,6,0
1915,98,64,81,13,1,60,9,0
1916,81,96,58,0,0,53,-2,0
1917,78,59,50,6,0,43,-10,1
1918,56,61,38,7,1,95,-8,0
1919,53,85,76,17,1,54,10,0
1920,70,91,71,8,0,84,-2,0
1921,63,81,80,0,1,56,8,1
1922,74,73,85,21,0,47,2,1
1923,83,50,80,16,0,46,3,1
1924,99,56,99,18,1,44,9,0
1925,84,88,49,5,0,99,8,0
1926,73,55,56,2,0,64,-4,0
1927,42,50,67,23,0,42,-7,1
1928,76,93,94,4,1,55,1,0
1929,82,65,83,1,1,56,3,1
1930,79,76,53,19,1,52,-9,0
1931,65,66,76,24,0,82,-10,0
1932,94,93,92,3,0,78,7,1
1933,62,68,86,9,1,43,9,0
1934,83,43,84,9,1,88,-3,0
1935,78,45,89,23,1,60,-8,0
1936,54,44,91,20,0,60,-5,0
1937,95,51,59,10,1,68,2,1
1938,88,82,51,15,0,42,-2,0
1939,43,86,58,16,1,44,-2,0
1940,68,59,70,15,0,82,9,0
1941,61,55,71,6,0,89,-2,0
1942,64,99,94,15,1,88,4,1
1943,52,97,60,2,0,74,2,0
1944,57,85,59,15,1,49,5,1
1945,72,70,47,7,0,52,-9,0
1946,55,49,46,11,0,57,3,1
1947,84,73,67,2,1,96,-5,0
1948,81,35,43,16,0,80,-9,1
1949,83,57,85,20,1,73,-3,0
1950,41,73,51,17,1,49,-7,1
1951,94,91,96,10,1,87,10,0
1952,74,68,85,3,0,98,3,0
1953,81,75,48,15,0,97,0,0
1954,73,47,86,16,0,50,3,0
1955,69,40,73,8,1,47,1,1
1956,98,86,64,5,1,81,5,0
1957,94,37,30,23,0,43,-5,0
1958,52,97,81,19,0,97,9,0
1959,52,83,99,24,1,68,-10,0
1960,57,81,66,1,0,63,1,1
1961,71,89,94,8,1,71,-4,0
1962,71,98,80,20,0,77,-3,1
1963,74,99,30,5,1,98,-2,0
1964,98,49,50,2,0,58,-9,0
1965,78,66,82,19,0,68,6,0
1966,85,52,45,5,1,82,9,1
1967,91,77,90,6,1,46,2,0
1968,68,69,83,0,1,57,-6,1
1969,88,92,69,22,0,47,-1,0
1970,68,67,55,0,1,79,1,1
1971,92,48,94,4,1,99,6,0
1972,83,68,93,5,0,81,10,1
1973,96,95,72,12,1,92,-5,1
1974,55,38,46,1,1,39,-8,1
1975,95,93,88,14,1,39,4,0
1976,83,63,52,14,0,94,-4,0
1977,86,40,36,12,0,55,-5,0
1978,96,83,73,24,0,58,-7,1
1979,49,74,82,13,1,52,8,0
1980,69,99,63,21,0,55,-6,0
1981,64,61,75,6,1,88,-8,0
1982,78,40,97,13,1,44,-2,0
1983,59,47,45,23,1,58,-5,1
1984,44,98,48,9,0,94,2,0
1985,40,96,31,16,0,91,9,0
1986,69,53,39,13,1,57,-7,1
1987,88,77,79,7,1,56,-9,0
1988,42,54,41,3,0,68,-7,1
1989,84,78,99,15,0,62,-3,0
1990,53,57,51,23,0,73,2,0
1991,95,36,61,12,1,76,-1,0
1992,69,56,30,21,0,57,7,0
1993,89,91,83,24,0,36,-2,0
1994,43,41,87,19,0,58,-10,0
1995,57,90,99,17,1,51,2,0
1996,76,50,47,13,0,99,7,0
1997,64,85,35,17,1,94,4,1
1998,87,46,74,4,1,84,-9,1
1999,40,87,52,8,1,46,0,0
2000,92,39,52,2,0,81,3,0
